file	hash
populations.tsv	80b4cfcc80d62994778687d5aa5287b7
geneflow.tsv	791069696721716f7b0847f8dccebc04
ranges.rds	0257c4ca3218dfebb4263fc0c0957a4c
generation_time.txt	34173cb38f07f89ddbebc2ac9128303f
length.txt	fb0b32aeafac4591c7ae6d5e58308344
orig_length.txt	20d9bb1dc5cafb4a81d900f247034a46
direction.txt	195fe59b6f103787a914aead0f3db502
description.txt	d41d8cd98f00b204e9800998ecf8427e
time_units.txt	d41d8cd98f00b204e9800998ecf8427e
script.slim	f64eac6e19e48419932b37a23d390369
script.py	6d5046dd2b41fc9eda4ee7281200a099
